{
    "outdegree": {
        "AK": 0,
        "AL": 0,
        "AR": 0,
        "AZ": 0,
        "CA": 17,
        "CO": 3,
        "CT": 7,
        "DE": 0,
        "FL": 1,
        "GA": 0,
        "HI": 0,
        "IA": 0,
        "ID": 0,
        "IL": 3,
        "IN": 0,
        "KS": 0,
        "KY": 0,
        "LA": 1,
        "MA": 1,
        "MD": 0,
        "ME": 0,
        "MI": 0,
        "MN": 1,
        "MO": 0,
        "MS": 0,
        "MT": 0,
        "NC": 1,
        "ND": 0,
        "NE": 0,
        "NH": 0,
        "NJ": 2,
        "NM": 0,
        "NV": 0,
        "NY": 5,
        "OH": 0,
        "OK": 0,
        "OR": 4,
        "PA": 0,
        "RI": 0,
        "SC": 0,
        "SD": 0,
        "TN": 0,
        "TX": 0,
        "UT": 0,
        "VA": 1,
        "VT": 0,
        "WA": 3,
        "WI": 0,
        "WV": 0,
        "WY": 0
    },
    "pageRank": {
        "AK": 0,
        "AL": 0.020020345,
        "AR": 0.017280801,
        "AZ": 0.020020345,
        "CA": 0.031640307,
        "CO": 0.020595013,
        "CT": 0.018754731,
        "DE": 0.017976146,
        "FL": 0.017280801,
        "GA": 0.017280801,
        "HI": 0,
        "IA": 0.017976146,
        "ID": 0.023338648,
        "IL": 0.017280801,
        "IN": 0.020595013,
        "KS": 0.017280801,
        "KY": 0.020020345,
        "LA": 0.02153404,
        "MA": 0.017976146,
        "MD": 0.017280801,
        "ME": 0.017280801,
        "MI": 0.018754731,
        "MN": 0.018754731,
        "MO": 0.017280801,
        "MS": 0.030387467,
        "MT": 0.017280801,
        "NC": 0.017280801,
        "ND": 0.017280801,
        "NE": 0.017280801,
        "NH": 0.017976146,
        "NJ": 0.017976146,
        "NM": 0.017280801,
        "NV": 0.017280801,
        "NY": 0.017976146,
        "OH": 0.017280801,
        "OK": 0.020020345,
        "OR": 0.020336746,
        "PA": 0.018754731,
        "RI": 0.023338648,
        "SC": 0.03400272,
        "SD": 0.020595013,
        "TN": 0.020595013,
        "TX": 0.045689926,
        "UT": 0.020595013,
        "VA": 0.035283694,
        "VT": 0.017976146,
        "WA": 0.017280801,
        "WI": 0.03097851,
        "WV": 0.02153404,
        "WY": 0.02153404
    },
    "betweenness": {
        "VA": 6,
        "CA": 89,
        "OR": 16,
        "WA": 28,
        "NY": 37,
        "NJ": 4,
        "IL": 12,
        "CO": 20,
        "CT": 9,
        "FL": 4,
        "LA": 6,
        "MN": 58,
        "MA": 2,
        "NC": 4,
        "TX": 0,
        "KY": 0,
        "MD": 0,
        "PA": 0,
        "MO": 0,
        "KS": 0,
        "RI": 0,
        "GA": 0,
        "AZ": 0,
        "IN": 0,
        "SD": 0,
        "MS": 0,
        "MT": 0,
        "NV": 0,
        "SC": 0,
        "ME": 0,
        "OK": 0,
        "DE": 0,
        "NE": 0,
        "TN": 0,
        "WV": 0,
        "OH": 0,
        "WY": 0,
        "IA": 0,
        "AR": 0,
        "NM": 0,
        "ND": 0,
        "NH": 0,
        "VT": 0,
        "ID": 0,
        "UT": 0,
        "MI": 0,
        "AL": 0,
        "WI": 0,
        "AK": 0,
        "HI": 0
    },
    "hit": {
        "AK": 0,
        "AL": 0,
        "AR": 0,
        "AZ": 0,
        "CA": 17,
        "CO": 3,
        "CT": 7,
        "DE": 0,
        "FL": 1,
        "GA": 0,
        "HI": 0,
        "IA": 0,
        "ID": 0,
        "IL": 3,
        "IN": 0,
        "KS": 0,
        "KY": 0,
        "LA": 1,
        "MA": 1,
        "MD": 0,
        "ME": 0,
        "MI": 0,
        "MN": 1,
        "MO": 0,
        "MS": 0,
        "MT": 0,
        "NC": 1,
        "ND": 0,
        "NE": 0,
        "NH": 0,
        "NJ": 2,
        "NM": 0,
        "NV": 0,
        "NY": 5,
        "OH": 0,
        "OK": 0,
        "OR": 4,
        "PA": 0,
        "RI": 0,
        "SC": 0,
        "SD": 0,
        "TN": 0,
        "TX": 0,
        "UT": 0,
        "VA": 1,
        "VT": 0,
        "WA": 3,
        "WI": 0,
        "WV": 0,
        "WY": 0
    },
    "close": {
        "AK": 0,
        "AL": 0.000443262,
        "AR": 0.000443262,
        "AZ": 0.000443262,
        "CA": 0.001375516,
        "CO": 0.000483325,
        "CT": 0.006024096,
        "DE": 0.000443262,
        "FL": 0.000452694,
        "GA": 0.000443262,
        "HI": 0,
        "IA": 0.000443262,
        "ID": 0.000443262,
        "IL": 0.000483325,
        "IN": 0.000443262,
        "KS": 0.000443262,
        "KY": 0.000443262,
        "LA": 0.000452694,
        "MA": 0.000452694,
        "MD": 0.000443262,
        "ME": 0.000443262,
        "MI": 0.000443262,
        "MN": 0.001402525,
        "MO": 0.000443262,
        "MS": 0.000443262,
        "MT": 0.000443262,
        "NC": 0.000462321,
        "ND": 0.000443262,
        "NE": 0.000443262,
        "NH": 0.000443262,
        "NJ": 0.000462535,
        "NM": 0.000443262,
        "NV": 0.000443262,
        "NY": 0.007246377,
        "OH": 0.000443262,
        "OK": 0.000443262,
        "OR": 0.000483559,
        "PA": 0.000443262,
        "RI": 0.000443262,
        "SC": 0.000443262,
        "SD": 0.000443262,
        "TN": 0.000443262,
        "TX": 0.000443262,
        "UT": 0.000443262,
        "VA": 0.000452694,
        "VT": 0.000443262,
        "WA": 0.000517598,
        "WI": 0.000443262,
        "WV": 0.000443262,
        "WY": 0.000443262
    }
}
